Dataset,Precipitates per µm²,γ' Area Fraction,Mean Spacing (nm)
PF_Initial,2.0005967881944446,0.702911376953125,620.019120158177
PF_old,2.3057725694444446,0.15374755859375,480.6519704151206
